{
	"pattrstorage" : 	{
		"name" : "grisStuff",
		"slots" : 		{
			"1" : 			{
				"id" : 1,
				"data" : 				{
					"multislider" : [ 0.349179774522781, 0.330997943878174, 0.249179765582085, 0.0 ],
					"multislider[1]" : [ 0.323253870010376, 0.264162957668304, 0.0, 0.0 ],
					"multislider[2]" : [ 0.568708419799805, 0.077799312770367, 0.0, 0.0 ],
					"multislider[3]" : [ 0.776452481746674, 0.080997943878174, 0.0, 0.0 ]
				}

			}
,
			"2" : 			{
				"id" : 2,
				"data" : 				{
					"multislider" : [ 0.85372519493103, 0.062816128134727, 0.132989794015884, 0.079512409865856 ],
					"multislider[1]" : [ 0.300526589155197, 0.064162947237492, 0.021913561969995, 0.028072645887733 ],
					"multislider[2]" : [ 0.450526595115662, 0.055072039365768, 0.055788531899452, 0.043470360338688 ],
					"multislider[3]" : [ 0.694634318351746, 0.049179766327143, 0.027160177007318, 0.107228294014931 ]
				}

			}
,
			"3" : 			{
				"id" : 3,
				"data" : 				{
					"multislider" : [ 0.158270671963692, 0.062816128134727, 0.132989794015884, 0.079512409865856 ],
					"multislider[1]" : [ 0.527799308300018, 0.064162947237492, 0.021913561969995, 0.028072645887733 ],
					"multislider[2]" : [ 0.132344767451286, 0.055072039365768, 0.055788531899452, 0.043470360338688 ],
					"multislider[3]" : [ 0.099179767072201, 0.049179766327143, 0.027160177007318, 0.107228294014931 ]
				}

			}
,
			"4" : 			{
				"id" : 4,
				"data" : 				{
					"multislider" : [ 0.944634318351746, 0.062816128134727, 0.132989794015884, 0.079512409865856 ],
					"multislider[1]" : [ 0.159617498517036, 0.064162947237492, 0.021913561969995, 0.028072645887733 ],
					"multislider[2]" : [ 0.682344794273376, 0.055072039365768, 0.055788531899452, 0.043470360338688 ],
					"multislider[3]" : [ 0.530997931957245, 0.049179766327143, 0.027160177007318, 0.107228294014931 ]
				}

			}
,
			"5" : 			{
				"id" : 5,
				"data" : 				{
					"multislider" : [ 0.944634318351746, 0.403725206851959, 0.132989794015884, 0.079512409865856 ],
					"multislider[1]" : [ 0.159617498517036, 0.459617495536804, 0.021913561969995, 0.028072645887733 ],
					"multislider[2]" : [ 0.682344794273376, 0.536890208721161, 0.055788531899452, 0.043470360338688 ],
					"multislider[3]" : [ 0.530997931957245, 0.508270680904388, 0.027160177007318, 0.107228294014931 ]
				}

			}
,
			"6" : 			{
				"id" : 6,
				"data" : 				{
					"multislider" : [ 0.321907043457031, 0.653725206851959, 0.132989794015884, 0.079512409865856 ],
					"multislider[1]" : [ 0.573253870010376, 0.745981156826019, 0.021913561969995, 0.028072645887733 ],
					"multislider[2]" : [ 0.305072039365768, 0.627799332141876, 0.055788531899452, 0.043470360338688 ],
					"multislider[3]" : [ 1.0, 0.508270680904388, 0.027160177007318, 0.107228294014931 ]
				}

			}
,
			"7" : 			{
				"id" : 7,
				"data" : 				{
					"multislider" : [ 0.321907043457031, 0.194634303450584, 0.132989794015884, 0.079512409865856 ],
					"multislider[1]" : [ 0.573253870010376, 0.300526589155197, 0.021913561969995, 0.028072645887733 ],
					"multislider[2]" : [ 0.305072039365768, 0.01870840229094, 0.055788531899452, 0.043470360338688 ],
					"multislider[3]" : [ 1.0, 0.26281613111496, 0.027160177007318, 0.107228294014931 ]
				}

			}
,
			"8" : 			{
				"id" : 8,
				"data" : 				{
					"multislider" : [ 0.721907019615173, 0.935543417930603, 0.0, 0.040088854730129 ],
					"multislider[1]" : [ 0.423253864049911, 0.905072033405304, 0.064162947237492, 0.03234476596117 ],
					"multislider[2]" : [ 0.350526571273804, 0.845981121063232, 0.0, 0.050526581704617 ],
					"multislider[3]" : [ 0.212816134095192, 0.890088856220245, 0.0, 0.058270674198866 ]
				}

			}

		}

	}

}
