{
	"pattrstorage" : 	{
		"name" : "grisStuff",
		"slots" : 		{
			"1" : 			{
				"id" : 1,
				"data" : 				{
					"multislider" : [ 0.349179774522781, 0.330997943878174, 0.249179765582085, 0.0 ],
					"multislider[1]" : [ 0.323253870010376, 0.264162957668304, 0.0, 0.0 ],
					"multislider[2]" : [ 0.568708419799805, 0.077799312770367, 0.0, 0.0 ],
					"multislider[3]" : [ 0.776452481746674, 0.080997943878174, 0.0, 0.0 ]
				}

			}
,
			"2" : 			{
				"id" : 2,
				"data" : 				{
					"multislider" : [ 0.87190705537796, 0.203725218772888, 0.249179765582085, 0.0 ],
					"multislider[1]" : [ 0.709617495536804, 0.964162945747375, 0.0, 0.0 ],
					"multislider[2]" : [ 0.682344794273376, 0.477799296379089, 0.0, 0.0 ],
					"multislider[3]" : [ 0.367361575365067, 0.808270692825317, 0.0, 0.0 ]
				}

			}
,
			"3" : 			{
				"id" : 3,
				"data" : 				{
					"multislider" : [ 0.87190705537796, 0.135543406009674, 0.099179767072201, 0.117361582815647 ],
					"multislider[1]" : [ 0.89143568277359, 0.964162945747375, 0.03234476596117, 0.041435673832893 ],
					"multislider[2]" : [ 0.682344794273376, 0.127799317240715, 0.082344762980938, 0.064162947237492 ],
					"multislider[3]" : [ 0.15372522175312, 0.808270692825317, 0.040088854730129, 0.158270671963692 ]
				}

			}
,
			"4" : 			{
				"id" : 4,
				"data" : 				{
					"multislider" : [ 0.330997943878174, 0.135543406009674, 0.030997946858406, 0.117361582815647 ],
					"multislider[1]" : [ 0.505072057247162, 0.305072039365768, 0.03234476596117, 0.041435673832893 ],
					"multislider[2]" : [ 0.486890226602554, 0.400526583194733, 0.082344762980938, 0.064162947237492 ],
					"multislider[3]" : [ 0.653725206851959, 0.517361581325531, 0.040088854730129, 0.158270671963692 ]
				}

			}
,
			"5" : 			{
				"id" : 5,
				"data" : 				{
					"multislider" : [ 0.985543429851532, 0.712816119194031, 0.035543400794268, 0.040088854730129 ],
					"multislider[1]" : [ 0.064162947237492, 0.727799296379089, 0.03234476596117, 0.03234476596117 ],
					"multislider[2]" : [ 0.868708372116089, 0.36416295170784, 0.068708404898643, 0.050526581704617 ],
					"multislider[3]" : [ 0.085543401539326, 0.826452493667603, 0.067361585795879, 0.058270674198866 ]
				}

			}
,
			"6" : 			{
				"id" : 6,
				"data" : 				{
					"multislider" : [ 0.721907019615173, 0.199179768562317, 0.035543400794268, 0.040088854730129 ],
					"multislider[1]" : [ 0.655072033405304, 0.332344770431519, 0.03234476596117, 0.03234476596117 ],
					"multislider[2]" : [ 0.459617495536804, 0.482344776391983, 0.068708404898643, 0.050526581704617 ],
					"multislider[3]" : [ 0.535543382167816, 0.249179765582085, 0.067361585795879, 0.058270674198866 ]
				}

			}
,
			"7" : 			{
				"id" : 7,
				"data" : 				{
					"multislider" : [ 0.721907019615173, 0.199179768562317, 0.0, 0.040088854730129 ],
					"multislider[1]" : [ 0.655072033405304, 0.332344770431519, 0.0, 0.03234476596117 ],
					"multislider[2]" : [ 0.132344767451286, 0.123253859579563, 0.0, 0.050526581704617 ],
					"multislider[3]" : [ 0.099179767072201, 0.140088856220245, 0.0, 0.058270674198866 ]
				}

			}
,
			"8" : 			{
				"id" : 8,
				"data" : 				{
					"multislider" : [ 0.721907019615173, 0.935543417930603, 0.0, 0.040088854730129 ],
					"multislider[1]" : [ 0.423253864049911, 0.905072033405304, 0.064162947237492, 0.03234476596117 ],
					"multislider[2]" : [ 0.350526571273804, 0.845981121063232, 0.0, 0.050526581704617 ],
					"multislider[3]" : [ 0.212816134095192, 0.890088856220245, 0.0, 0.058270674198866 ]
				}

			}

		}

	}

}
