{
	"pattrstorage" : 	{
		"name" : "grisStuff",
		"slots" : 		{
			"1" : 			{
				"id" : 1,
				"data" : 				{
					"multislider" : [ 0.258270680904388, 0.440088868141174 ],
					"multislider[1]" : [ 0.791435658931732, 0.609617471694946 ],
					"multislider[2]" : [ 0.080997943878174, 0.658270657062531 ],
					"multislider[3]" : [ 0.709617495536804, 0.073253855109215 ]
				}

			}
,
			"2" : 			{
				"id" : 2,
				"data" : 				{
					"multislider" : [ 0.585543394088745, 0.040088854730129 ],
					"multislider[1]" : [ 0.400526583194733, 0.023253856226802 ],
					"multislider[2]" : [ 0.967361569404602, 0.417361587285995 ],
					"multislider[3]" : [ 0.191435679793358, 0.764162957668304 ]
				}

			}
,
			"3" : 			{
				"id" : 3,
				"data" : 				{
					"multislider" : [ 0.726452469825745, 0.876452505588531 ],
					"multislider[1]" : [ 0.600526571273804, 0.805072009563446 ],
					"multislider[2]" : [ 0.967361569404602, 0.117361582815647 ],
					"multislider[3]" : [ 0.191435679793358, 0.0 ]
				}

			}
,
			"4" : 			{
				"id" : 4,
				"data" : 				{
					"multislider" : [ 1.0, 0.876452505588531 ],
					"multislider[1]" : [ 1.0, 0.805072009563446 ],
					"multislider[2]" : [ 0.967361569404602, 0.958270668983459 ],
					"multislider[3]" : [ 0.191435679793358, 0.0 ]
				}

			}
,
			"5" : 			{
				"id" : 5,
				"data" : 				{
					"multislider" : [ 0.630997955799103, 0.944634318351746 ],
					"multislider[1]" : [ 1.0, 1.0 ],
					"multislider[2]" : [ 0.308270663022995, 1.0 ],
					"multislider[3]" : [ 0.127799317240715, 0.877799332141876 ]
				}

			}
,
			"6" : 			{
				"id" : 6,
				"data" : 				{
					"multislider" : [ 0.499179750680923, 0.185543403029442 ],
					"multislider[1]" : [ 0.068708404898643, 0.08689022064209 ],
					"multislider[2]" : [ 0.826452493667603, 0.058270674198866 ],
					"multislider[3]" : [ 0.127799317240715, 0.041435673832893 ]
				}

			}
,
			"7" : 			{
				"id" : 7,
				"data" : 				{
					"multislider" : [ 0.499179750680923, 0.803725242614746 ],
					"multislider[1]" : [ 0.750526607036591, 0.632344782352448 ],
					"multislider[2]" : [ 0.444634318351746, 0.321907043457031 ],
					"multislider[3]" : [ 0.509617507457733, 0.545981109142303 ]
				}

			}
,
			"8" : 			{
				"id" : 8,
				"data" : 				{
					"multislider" : [ 0.144634306430817, 0.162816122174263 ],
					"multislider[1]" : [ 0.159617498517036, 0.341435670852661 ],
					"multislider[2]" : [ 0.185543403029442, 0.321907043457031 ],
					"multislider[3]" : [ 0.168708398938179, 0.545981109142303 ]
				}

			}

		}

	}

}
