{
	"pattrstorage" : 	{
		"name" : "grisStuff",
		"slots" : 		{
			"1" : 			{
				"id" : 1,
				"data" : 				{
					"multislider" : [ 0.361286908388138, 0.0 ],
					"multislider[1]" : [ 0.442019611597061, 0.0 ],
					"multislider[2]" : [ 0.389907509088516, 0.0 ],
					"multislider[3]" : [ 0.33900660276413, 0.0 ]
				}

			}
,
			"2" : 			{
				"id" : 2,
				"data" : 				{
					"multislider" : [ 0.735543429851532, 0.0 ],
					"multislider[1]" : [ 0.632344782352448, 0.0 ],
					"multislider[2]" : [ 0.190088853240013, 0.0 ],
					"multislider[3]" : [ 0.33900660276413, 0.0 ]
				}

			}
,
			"3" : 			{
				"id" : 3,
				"data" : 				{
					"multislider" : [ 0.480997949838638, 0.0 ],
					"multislider[1]" : [ 0.236890226602554, 0.0 ],
					"multislider[2]" : [ 0.694634318351746, 0.0 ],
					"multislider[3]" : [ 0.755072057247162, 0.0 ]
				}

			}
,
			"4" : 			{
				"id" : 4,
				"data" : 				{
					"multislider" : [ 0.835543394088745, 0.0 ],
					"multislider[1]" : [ 0.577799320220947, 0.0 ],
					"multislider[2]" : [ 0.958270668983459, 0.0 ],
					"multislider[3]" : [ 0.177799314260483, 0.0 ]
				}

			}
,
			"5" : 			{
				"id" : 5,
				"data" : 				{
					"multislider" : [ 0.835543394088745, 0.185543403029442 ],
					"multislider[1]" : [ 0.577799320220947, 0.218708395957947 ],
					"multislider[2]" : [ 0.958270668983459, 0.0 ],
					"multislider[3]" : [ 0.177799314260483, 0.0 ]
				}

			}
,
			"6" : 			{
				"id" : 6,
				"data" : 				{
					"multislider" : [ 0.28529691696167, 0.05710706487298 ],
					"multislider[1]" : [ 0.342968255281448, 0.119757115840912 ],
					"multislider[2]" : [ 0.318227648735046, 0.112907536327839 ],
					"multislider[3]" : [ 0.279275238513947, 0.191500559449196 ]
				}

			}
,
			"7" : 			{
				"id" : 7,
				"data" : 				{
					"multislider" : [ 0.28529691696167, 0.05710706487298 ],
					"multislider[1]" : [ 0.03234476596117, 0.314162939786911 ],
					"multislider[2]" : [ 0.053725220263004, 0.112907536327839 ],
					"multislider[3]" : [ 0.814162969589233, 0.191500559449196 ]
				}

			}
,
			"8" : 			{
				"id" : 8,
				"data" : 				{
					"multislider" : [ 0.667361557483673, 0.935543417930603 ],
					"multislider[1]" : [ 0.186890214681625, 1.0 ],
					"multislider[2]" : [ 0.371907025575638, 0.885543406009674 ],
					"multislider[3]" : [ 0.759617507457733, 0.827799320220947 ]
				}

			}

		}

	}

}
